Channel,Watch time(hours),Stream time(hours),Peak viewers,Average viewers,Followers,Followers gained,Views gained,Partnered,Mature,Language
xQcOW,103269362,3587,222720,27716,3246298,1734810,93036735,True,False,English
summit1g,101527955,3530,310998,25610,5310163,1370184,89705964,True,False,English
Gaules,94076515,8588,387315,10976,1767635,1023779,102611607,True,True,Portuguese
ESL_CSGO,66171969,8629,300575,7714,3944850,703986,106546942,True,False,English
Tfue,61183334,2061,285644,29602,8938903,2068424,78998587,True,False,English
Asmongold,61146651,1371,263720,42414,1563438,554201,61715781,True,False,English
NICKMERCS,56011253,2271,115633,24181,4074287,1089824,46084211,True,False,English
Fextralife,55031124,2464,68795,18985,508816,425468,670137548,True,False,English
loltyler1,48805949,2041,89387,22381,3530767,951730,51349926,True,False,English
Anomaly,47757165,1548,125408,12377,2607076,1532689,36350662,True,False,English
TimTheTatman,47240616,1813,142067,25664,5265659,1244341,50119786,True,True,English
LIRIK,47215504,2141,89170,21739,2666382,199077,50504526,True,False,English
Riot Games (riotgames),44577445,1347,639375,20960,4487489,497678,56855694,True,False,English
Rubius,43143877,971,240096,42948,5751354,3820532,58599449,True,False,Spanish
auronplay,40167042,676,170115,53986,3983847,3966525,41514854,True,False,Spanish
MontanaBlack88,40141016,1129,181600,33514,2911316,1101093,37189666,True,True,German
sodapoppin,38824007,1921,107833,19659,2786162,236169,39334821,True,True,English
풍월량 (hanryang1125),36444374,3020,26999,12201,494445,92205,34405975,True,False,Korean
alanzoka,34250064,1729,89153,19560,3445134,1325075,46515698,True,False,Portuguese
CohhCarnage,33820209,2920,43615,11343,1264808,124242,38718674,True,False,English
Lord_Kebun,32388317,2562,34830,12367,434200,137215,19645967,True,False,English
LCK_Korea,31939431,788,140557,39848,619382,255088,76225485,True,False,Korean
Castro_1021,30752618,1670,125133,17779,2411995,550678,22672980,True,False,English
DrDisrespect,30664707,1217,97540,23794,4450718,825004,43919410,True,False,English
TheRealKnossi,30194935,933,288459,24595,1260160,1082039,25342894,True,True,German
TheGrefg,29290112,914,538444,28887,3795667,3593081,47094362,True,False,Spanish
YoDa,28170618,2261,123796,12868,1792625,383130,38499423,True,False,Portuguese
Pestily,27662350,2305,168112,8481,616168,520342,24029726,True,False,English
한동숙 (handongsuk),27027798,2130,44976,12869,385250,73602,30610352,True,False,Korean
GamesDoneQuick,26985735,1457,234826,6734,1724316,113469,43345080,True,False,English
Solary,25776623,8108,24470,3187,493207,143569,48799554,True,False,French
Gotaga,25641855,2361,81644,10750,2401580,632118,39591707,True,False,French
MOONMOON,25464715,2078,24892,11220,923448,95776,13505898,True,True,English
DrLupo,25293533,2872,90696,8311,4115083,567795,47295386,True,False,English
OgamingLoL,24720131,8282,204491,3020,523758,115965,71583995,True,False,French
Myth,24653576,2246,122552,9396,6726893,1421811,37384058,True,False,English
Evelone192,24579037,1383,106900,16422,1075101,826433,47400543,True,False,Russian
nl_Kripp,24514962,2598,29316,9256,1379123,96793,20034033,True,False,English
LEC,24507198,761,305119,28830,973727,551345,25924096,True,False,English
dota2mc_ru,24411386,1111,182869,19495,428284,156721,38774178,True,False,Russian
Fresh,24402997,2461,57431,9728,3135667,1875187,25341820,True,False,English
LCS,24355169,518,214124,46459,1162746,526244,28313058,True,False,English
ROSHTEIN,23928928,1983,45843,11717,381918,242369,17836875,False,True,English
ibai,23548554,963,173238,22837,1894953,1602088,44178173,True,False,Spanish
TFBlade,23238548,2354,35833,9117,1008040,450146,35978104,True,False,English
Sardoche,22683747,2737,144066,8066,746865,370358,32261961,True,True,French
LCK,22529308,619,171861,36030,934688,307853,28970100,True,False,English
Yassuo,22456873,1731,70587,10531,1878416,689957,32362117,True,False,English
HasanAbi,22322415,3226,44649,6543,470123,340810,14154952,True,False,English
BeyondTheSummit,22318291,8418,116547,2635,923689,114948,42403593,True,False,English
Dota2RuHub,22177090,1536,105359,13189,777510,126221,43831479,True,False,Russian
Bugha,22075322,1674,66311,12982,2942212,2220765,49441744,True,False,English
RocketLeague,22040808,559,206681,36086,1409120,412101,57189129,True,False,English
csgomc_ru,21816131,1299,364816,17020,492954,447601,42952835,True,False,Russian
Clix,20944118,1496,81926,12996,2035180,1687923,33286370,True,False,English
Gorgc,20878530,2352,56449,8683,391726,136943,20882507,True,True,English
서새봄냥 (saddummy),20699955,3038,25482,6681,580794,97615,30550147,True,False,Korean
NoWay4u_Sir,20576120,2332,24286,8479,383892,108832,23037239,True,False,German
RiotGamesBrazil,20476885,639,255542,25918,1011924,325801,33796768,True,False,Portuguese
JLTomy,20469499,2024,42079,10053,428073,277529,13890640,True,False,French
SolaryFortnite,20389159,6362,46710,3180,1478270,447191,26737542,True,False,French
ONSCREEN,19952172,2248,88516,4134,918654,669348,22820310,True,False,English
AdmiralBahroo,19810766,2353,21053,8152,778055,72454,12853095,True,False,English
Quin69,19782362,2904,36742,6616,538532,87860,19512632,True,True,English
Trymacs,19735916,1798,50957,10735,1607134,582089,21254933,True,False,German
dasMEHDI,19549483,3857,47683,5013,299048,76568,7422911,True,True,English
sneakylol,19153497,2914,22759,6775,1659108,183911,17820367,True,False,English
NickEh30,19135240,1964,85073,9702,1660204,1445590,39439261,True,False,English
fps_shaka,18858489,3586,26572,5195,303671,128907,21331882,True,False,Japanese
LVPes,18594171,1516,233009,12947,587677,158934,51523747,True,False,Spanish
Vader,18515875,3071,16289,5913,424374,57681,11535871,True,True,English
forsen,18446350,1819,33966,10080,1308165,164792,18534278,True,True,English
Papaplatte,18425424,2092,42230,8546,919026,552959,23472239,True,False,German
StarLadder_cs_en,18147213,548,329195,29956,820675,260993,29821162,True,False,English
Symfuhny,17936324,2290,45671,7327,2355063,704327,18756705,True,True,English
DreamHackCS,17548412,5243,212201,5001,1801697,275934,28759226,True,False,English
Mizkif,17534132,2052,32671,7899,591653,365303,13585178,True,False,English
Rainbow6,17183519,1373,135471,11535,1501197,428942,16786627,True,True,English
stylishnoob4,17159061,1975,25263,8485,354579,124038,20638084,True,False,Japanese
Maximilian_DOOD,17055278,1834,43253,9235,833047,133195,15517436,True,False,English
Trainwreckstv,17028332,2473,49379,7134,728097,379973,12449595,True,True,English
dota2ti,16959626,105,483530,147643,663297,121422,16228039,True,False,English
GRONKH,16959072,910,100330,17860,1216020,192000,16800930,True,False,German
SypherPK,16940836,2420,130401,6553,3611359,1118169,26996445,True,False,English
ZeratoR,16850217,1416,262273,10516,880728,240442,31456198,True,True,French
SilverName,16776811,1593,29927,10618,614395,108466,27464678,True,False,Russian
Sacriel,16711351,2718,66781,5573,672403,136341,60194490,True,False,English
dakotaz,16315786,2210,43397,7112,4520305,489250,18504106,True,False,English
Stray228,16216027,1562,36971,10290,773712,197486,23738903,True,False,Russian
AdmiralBulldog,16205292,2580,16681,6198,694253,66513,17095676,True,True,English
pokimane,16072234,941,112160,16026,5367605,2085831,45579002,True,False,English
lestream,15922447,4223,47638,3652,883706,124020,25815105,True,False,French
ybicanoooobov,15646941,1912,17036,8255,523512,101937,16237397,True,False,Russian
Method,15085126,3849,148350,4135,401400,132108,22813009,True,False,English
Nightblue3,14986930,1983,17738,7234,2641880,175130,19181711,True,False,English
EsfandTV,14815649,3150,29597,4393,471970,216021,24144005,True,False,English
shroud,14808419,504,471281,29612,7744066,833587,30621257,True,False,English
NOBRU,14803521,644,132224,22070,1549722,1400039,6781403,True,False,Portuguese
buster,14739230,988,97838,14195,1087377,1052053,37351933,True,False,Russian
Scarra,14402628,2306,27421,6060,1242014,333090,15626904,True,False,English
Baiano,14328642,1431,107069,9229,425797,363343,19412227,True,False,Portuguese
괴물쥐123 (tmxk319),14299194,1940,71933,7173,427926,367486,17151766,True,False,Korean
WePlayEsport_RU,14222077,1549,115737,8627,346934,243137,28789066,True,False,Russian
elded,14217489,1849,44758,7699,2601858,1108422,14789437,True,False,Spanish
LPL,14177271,812,146577,17573,502467,280538,31029241,True,False,English
juansguarnizo,14151388,2063,45631,6039,1204773,946280,12708431,True,False,Spanish
Rakin,14043021,2408,51854,5333,1258173,517248,24523589,True,False,Portuguese
SolaryHS,13790874,7667,17513,1802,149073,35986,10445269,True,False,French
Cellbit,13622899,1718,68813,8264,1293451,547018,18105470,True,False,Portuguese
dota2ti_ru,13542301,103,457060,126232,541644,108438,12068376,True,False,Russian
uzra,13539368,3479,14181,3683,185506,29752,20715640,True,False,Chinese
OverwatchLeague,13419389,408,254493,33132,1796619,83198,27099682,True,False,English
Thijs,13243687,1812,24923,7180,755116,68557,15548337,True,False,English
Swagg,13167024,1806,74199,6309,784966,723082,7527027,True,False,English
TeePee,13161635,2833,78741,4410,520519,238257,17102146,True,True,English
LVNDMARK,13140352,3322,96236,3688,248829,244295,8815201,True,False,English
Agraelus,12997790,2825,23555,4642,414951,132125,20334558,True,True,Czech
BLASTPremier,12563470,421,113167,24689,501371,315910,21104122,True,False,English
cloakzy,12467053,1694,40497,6743,2138294,558107,14533643,True,False,English
aceu,12410349,1968,26141,6328,859439,763489,15894732,True,True,English
蝦愛橘子 (shuteye_orange),12142518,5432,7441,2217,85247,29549,18572922,True,True,Chinese
Elraenn,12106324,852,65543,13224,1223076,672978,20881140,True,False,Turkish
Elajjaz,12100000,2429,13080,4922,346566,37883,12800182,True,False,English
CDNThe3rd,12042711,2238,55752,4919,2009972,167704,15136396,True,False,English
POW3Rtv,12025814,2964,69009,3836,1080764,495072,23271722,True,False,Italian
IzakOOO,11951605,2152,43050,4463,1461767,286467,23586902,True,False,Polish
DreadzTV,11927411,1828,35865,6249,675908,57448,32228705,True,True,Russian
따효니 (ddahyoni),11864410,2540,17253,4534,322895,46946,15586820,True,False,Korean
WePlayEsport_EN,11747050,1795,87751,6127,175061,137229,17857171,True,False,English
ElmiilloR,11440948,2101,45726,5163,426716,189847,20714971,True,False,Spanish
Squeezie,11132963,496,158972,19260,2149306,875678,21128175,True,False,French
allkeyshop_tv,11053099,8116,6075,1361,67472,26937,55639770,True,False,English
Domingo,11041713,1093,102022,11423,829700,276400,23040428,True,False,French
PlayHearthstone,11017919,686,43877,13154,825727,39065,28719610,True,False,English
ESL_DOTA2,11017486,3533,99858,4714,337177,91323,14784068,True,False,English
Kitboga,10939421,1346,20913,7394,772055,331906,8392545,True,False,English
DansGaming,10886353,3125,33646,3270,817365,29415,13757678,True,False,English
老皮 (mobilmobil),10878084,2102,16497,5303,446426,34362,20520762,True,True,Chinese
Destiny,10848508,2711,24101,3894,571183,115692,8579344,True,True,English
우왁굳 (woowakgood),10839411,2647,14177,4100,591500,207575,18626351,True,False,Korean
RATIRL,10829359,2417,14480,4420,423002,249048,14109245,True,True,English
bratishkinoff,10772217,1013,56790,10626,1128907,389268,25254350,True,False,Russian
Yogscast,10743010,7385,54885,1384,961860,127684,20999649,True,False,English
앰비션_ (lol_ambition),10657432,1890,57254,5332,362297,108498,17248420,True,False,Korean
jukes,10467987,1276,24263,8165,1327059,353576,19915875,True,False,Portuguese
木棉花官方頻道 (muse_tw),10431548,7444,16702,1397,121053,120954,13670649,True,True,Chinese
Shlorox,10419035,1927,13945,5216,331632,77979,13181386,True,False,German
coscu,10373736,1286,80444,8919,1865296,1061265,19438119,True,False,Spanish
dogdog,10369997,1722,24727,5856,594239,50345,12089717,True,False,English
chocoTaco,10339925,2680,30514,3846,1134153,250201,17922897,True,False,English
Locklear,10320790,1807,50103,5512,824676,469017,17854413,True,False,French
餐餐自由配 (blusewilly_retry),10312588,1675,17585,5941,374480,42764,18366224,True,False,Chinese
Amouranth,10301130,3919,13495,2560,1707804,532750,48015117,True,False,English
UberHaxorNova,10257871,3032,7808,3247,421256,65267,7518457,True,False,English
Sfory,10210288,1226,75219,3197,457502,450299,12391816,True,False,Russian
Giantwaffle,10209902,2758,36340,3429,878934,15334,10831070,True,False,English
ZanoXVII,10176832,1595,30648,6073,514866,322929,6034891,True,False,Italian
침착맨 (zilioner),10031769,1625,43164,5843,465887,121506,18265409,True,False,Korean
SkipNhOLIVE,10015181,8312,7940,1196,324765,271487,6544645,True,False,Portuguese
Kamet0,10014710,2177,70983,4560,565661,221911,14071951,True,False,French
MYM_ALKAPONE,9997508,1630,26221,5948,770535,153803,7831334,True,False,Spanish
김진우 (jinu6734),9954599,2025,12810,4710,274875,90213,9977487,True,False,Korean
imaqtpie,9939468,2786,26087,3478,2652018,50312,13182700,True,False,English
x2Twins,9928466,2095,31874,4167,1288969,1035561,15264996,True,False,English
C_a_k_e,9811033,2161,17317,4403,302633,45957,18161823,True,False,Russian
SmiteGame,9782097,5734,33245,1588,535211,73678,8305604,True,False,English
RatedEpicz,9706685,2932,11860,3336,134757,74221,7251200,True,True,English
wtcN,9702093,1289,73861,7438,1852272,566210,25333548,True,True,Turkish
Anton,9683905,2381,137531,3199,207484,128050,6176254,True,True,English
benjyfishy,9679799,572,75491,14423,1739112,1455278,20411553,True,False,English
StarLadder5,9675697,695,189859,13089,1029203,104382,21525216,True,False,Russian
Reborn_Live,9635381,535,57849,17488,697007,682512,9965787,True,True,Spanish
CasinoDaddy,9620678,4457,6524,2168,151098,42680,7493491,False,True,English
H2P_Gucio,9599976,2633,10011,3581,220488,78264,13401489,True,False,Polish
Xayoo_,9585636,1521,23935,6091,572789,215098,12984472,True,False,Polish
Jinnytty,9493351,2530,15190,3607,372334,213291,15165872,True,False,English
KendineMuzisyen,9456238,975,43422,9583,1372290,486410,17629667,True,True,Turkish
Jahrein,9436273,1031,43683,8929,1422862,247212,18410268,True,False,Turkish
Mathil1,9366624,2245,25866,3953,293595,66982,13159849,True,False,English
Greekgodx,9360272,1495,45741,7083,1278824,403108,12441822,True,True,English
Brunenger,9331917,3053,64308,2844,659652,649562,12736000,True,False,Spanish
ClassyBeef,9314726,4561,33624,1941,108623,88671,6626543,False,True,English
Diegosaurs,9309792,2143,32463,4150,521201,270255,9851921,True,True,English
BobRoss,9302847,3967,11659,2175,1519266,216326,7491995,True,False,English
Nick28T,9279017,3061,15155,3024,977377,78054,6777975,True,True,English
녹두로 (nokduro),9260631,2344,15858,4040,165823,95603,9518923,True,False,Korean
GMHikaru,9237499,1139,46106,7155,505361,425023,20086431,True,False,English
SkipNhO,9227730,2193,23408,3875,1076499,281967,13901197,True,False,Portuguese
jovirone,9221395,1607,29272,5632,1089830,300545,17980307,True,False,Portuguese
Chap,9182520,2625,22571,3430,1272899,273926,13683195,True,False,English
김도 (kimdoe),9154079,2249,11759,4062,287639,10062,14188002,True,True,Korean
RebirthzTV,9134023,1982,14578,4629,276694,76546,8434367,True,False,Thai
Klean,9085135,2826,101124,2801,276242,154466,7844435,True,False,English
接接 (godjj),9078438,2111,12461,4378,331744,19325,20264128,True,False,Chinese
Gladd,9065909,2853,54477,2779,337972,157424,9290817,True,False,English
CSRuHub,9009275,1848,106003,5044,511431,121099,23271913,True,False,Russian
CriticalRole,8991585,355,110800,17689,571210,237069,7827030,True,False,English
Vinesauce,8949818,1446,19065,6125,442493,80616,5560969,True,True,English
울프 (lol_woolf),8882827,848,73800,9633,308528,141297,9294132,True,False,Korean
Mithrain,8840937,1759,40183,4990,1258713,371005,24222810,True,False,Turkish
EWROON,8777676,1687,21341,5172,514693,232079,13289271,True,False,Polish
ludwig,8764728,1576,60346,5368,542580,505089,8508355,True,False,English
RduLIVE,8762290,2123,11854,3953,234884,62490,7653194,True,False,English
Hiko,8717620,1327,41644,5268,1001350,479830,11106951,True,False,English
FENGRUSH,8692812,1676,16128,4985,95643,23288,44675247,True,False,English
Chess,8691858,1605,83666,5767,326118,181232,84500786,True,False,English
72hrs,8657642,2275,30702,3756,1024814,315190,12051692,True,False,English
TwitchRivals,8601894,609,109148,14509,999480,644684,71159574,True,False,English
狂暴小建 (a541021),8600157,2776,8337,3105,207369,18023,18201933,True,False,Chinese
hashinshin,8596882,3204,12540,2483,570621,159892,11386166,True,False,English
JoshOG,8516402,2655,85051,2957,1748928,120782,20688501,True,False,English
B0aty,8505395,2520,22375,3152,516113,49577,8448691,True,True,English
AustinShow,8494065,350,72199,24739,840624,378656,11648873,True,True,English
39daph,8484206,2258,12648,3766,505362,470589,8983449,True,False,English
scump,8447315,1189,79976,6789,893010,275270,8661072,True,False,English
플러리 (flurry1989),8422217,2146,12084,3859,169505,51935,10969148,True,False,Korean
Kyle,8353476,2688,9339,3059,182260,60506,5692219,True,True,English
SummonersInnLive,8323690,1081,110095,6328,503346,46779,13724263,True,False,German
Aydan,8259393,2343,51268,3507,1701314,425036,11009240,True,True,English
Faker,8213928,285,56325,29414,2716270,750480,26508938,True,False,Korean
Mongraal,8212233,451,89706,18180,2951980,1454481,19515587,True,False,English
탬탬버린 (2chamcham2),8170508,1584,16243,5107,489270,144698,13076008,True,False,Korean
EmadGG,8121357,2210,67732,2741,702744,623391,9556065,True,False,English
쌍베 (pacific8815),8064917,2007,20936,3992,171858,54326,14452008,True,False,Korean
FolagorLives,8039786,1333,57813,5032,786983,417899,9640983,True,False,Spanish
lilypichu,7965820,938,33075,8407,1363222,657630,14729189,True,False,English
mistermv,7943289,1194,39961,6627,479900,150486,12959273,True,True,French
Bonjwa,7885963,4187,11063,1802,123954,20250,14247514,True,False,German
KingGeorge,7879773,2669,12621,2914,767727,250434,6445996,True,False,English
KingRichard,7873433,2286,17327,3312,1536757,109795,9570639,True,False,English
melharucos,7813202,2171,13825,3519,328473,59167,17845821,True,True,Russian
INSCOPE21TV,7807785,998,51244,7554,658658,491663,10630158,True,True,German
JohnPitterTV,7693421,8482,4148,900,286184,211365,19054606,True,False,Portuguese
Zizaran,7675330,2603,20745,2552,267004,47149,16917944,True,False,English
imls,7672209,1315,32758,5621,392024,177673,8610645,True,False,English
TSM_ImperialHal,7651275,2016,23107,3550,302593,287810,8907366,True,False,English
악어 (jdm2088),7648054,543,65622,15405,276488,132821,5377506,True,False,Korean
Ramee,7620708,2663,10845,2825,132642,74094,6606894,True,False,English
Towelliee,7558125,3051,15495,2392,705098,21398,17009119,True,False,English
SPYGEA,7541328,2395,17228,3131,222046,92067,10569192,True,False,Japanese
FollowGrubby,7531840,2200,15296,3365,430649,46282,12249560,True,False,English
Amar,7487053,1680,45549,4207,604374,281928,11787544,True,False,German
mch_AGG,7388816,8326,11191,884,219431,124548,11142208,True,True,Portuguese
IWillDominate,7381175,1558,23813,4591,797244,79514,8695968,True,False,English
Nadeshot,7338859,836,40327,7985,1472104,428800,7844647,True,True,English
buddha,7307678,2251,11971,3184,247303,24901,6326808,True,True,English
Deadlyslob,7302397,1984,104568,3088,315637,130944,6321235,True,False,English
懶貓 (failverde),7289222,3080,14610,2348,169973,29861,13001718,True,False,Chinese
嬌兔 (zrush),7270725,2298,10628,3084,180412,49296,13297850,True,True,Chinese
HoneyMad,7249527,1133,21369,6394,533250,74407,14755893,True,True,Russian
ESAMarathon,7222155,5023,22132,1460,244440,35038,32500708,True,False,English
Nmplol,7153557,1064,24687,6767,455444,130564,8859183,True,False,English
relaxing234,7137986,853,19194,8405,258402,88247,12225523,True,False,Chinese
Doigby,7137788,994,93577,6829,1068260,611786,11805401,True,False,French
Sequisha,7105422,2725,19755,2540,252495,86220,7404102,True,True,English
HusKerrs,7084077,1793,39433,3247,361360,288952,6298662,True,False,English
얍얍 (yapyap30),7037972,780,36933,9306,301033,26768,9798569,True,False,Korean
Elwind,7023943,982,18270,7165,703464,200170,14369324,True,False,Turkish
Shiphtur,7005281,1973,19688,3414,709343,58604,7906425,True,False,English
BarbarousKing,6986460,3148,13419,2244,159402,42931,4822422,True,True,English
alexelcapo,6973550,1215,74670,5772,680023,211908,13364167,True,False,Spanish
moistcr1tikal,6918197,1719,42135,3977,1166681,724159,7780736,True,False,English
Rush,6878631,1437,15405,4731,542991,120906,7575905,True,False,English
LosPollosTV,6865008,1165,54323,5671,476096,138468,6201733,True,False,English
DreamLeague,6856910,4076,147514,1751,349054,61032,7424007,True,False,English
Voyboy,6854567,1344,21187,4632,1251182,139443,8151140,True,False,English
BastiGHG,6843688,2402,10455,2733,507730,236118,8093220,True,False,German
DatModz,6833087,3810,14288,1753,270720,36757,9812812,True,False,English
dafran,6814766,1542,19611,4319,599036,142689,7944645,True,False,English
yeTz,6807978,1466,21212,4221,849972,281059,10731565,True,False,Portuguese
Aurateur,6797166,2730,15547,2492,142427,26782,4368785,True,True,English
pokelawls,6786911,1972,22496,3352,668807,182123,5999354,True,False,English
ziGueira,6786471,1959,36519,3203,529814,212042,7967420,True,False,Portuguese
A_Seagull,6785944,1586,28779,4193,1028544,55228,7374161,True,True,English
koil,6730806,2417,13421,2791,299033,50231,7743238,True,True,English
PAGO3,6713941,2602,20284,2326,425072,150470,12693893,True,False,Polish
Llobeti4,6707807,1875,37469,3410,648084,606080,9957496,True,False,Spanish
殺梗 (xargon0731),6690654,2588,8406,2549,283232,16999,17013239,True,False,Chinese
itsHafu,6680367,2056,34345,3276,787371,36756,10008765,True,False,English
shongxbong,6677262,838,94869,7656,845158,671127,4198232,True,False,Arabic
StaysafeTV,6662435,2253,15608,2876,149648,73218,7427189,True,True,English
Loeya,6638165,2508,7955,2635,1233300,337821,19024045,True,False,English
RiotGamesJP,6515373,438,60682,13675,141684,36105,9101692,True,False,Japanese
btssmash,6498180,6049,94083,1061,216558,81658,6933788,True,False,English
PietSmiet,6461952,1408,39004,4147,576903,122061,11483357,True,False,German
Payo,6429260,2290,12274,2772,175503,112595,11672019,True,False,English
Shotz,6428988,2551,10316,2523,159763,48388,5464553,True,True,English
실프_ (silphtv),6419609,3284,9401,1891,309065,87400,7215989,True,False,Korean
m0xyy,6412441,2268,25387,2431,461534,269311,6207063,True,False,English
LexVeldhuis,6337530,1232,58416,4939,244467,66680,14339774,True,False,English
NateHill,6332851,1859,41610,3311,1055613,449635,14221498,True,False,English
Shaunz,6330001,1631,20861,3791,148568,84393,10605782,True,False,French
Emongg,6328037,2598,21922,2228,504653,156093,5794763,True,False,English
fl0m,6327233,3134,19318,1931,658323,183265,11489901,True,False,English
AsmodaiTV,6322432,2206,11751,2796,247056,30588,6547592,True,False,English
Homyatol,6312248,1178,26274,4826,375749,249186,6981248,True,True,Italian
Grimmmz,6288543,2943,21993,2153,1001739,37734,7803917,True,True,English
aXtLOL,6273849,1230,25340,4991,763886,193266,8969210,True,False,Portuguese
boyMinORu,6272646,2380,22141,2717,367223,73551,17822170,True,True,Thai
just_ns,6270155,1560,37023,3969,341549,66811,12351240,True,False,Russian
BurkeBlack,6212783,2861,4922,2154,276421,13471,5367772,True,True,English
Trick2g,6190285,2215,28917,2650,1476226,115863,8688676,True,True,English
FORMAL,6166188,2286,16518,2391,512592,176173,4803076,True,False,English
Fortnite,6152772,200,169084,28584,3558217,1163448,21509520,True,False,English
Magic,6042536,722,114234,5123,365714,50355,18694298,True,False,Spanish
Xari,6029027,1342,28830,4841,269447,147894,5746209,True,False,French
RocketBeansTV,6014300,8640,5223,696,416018,27024,5973152,True,False,German
ANGRYPUG,6004647,3080,9822,1892,366463,48331,4962556,True,True,English
MarcaoRX,5987890,5611,5210,1258,166594,65904,4541683,True,True,Portuguese
yamatonjp,5984928,2657,8247,2269,179920,67794,10882318,True,False,Japanese
btscsgo,5966105,952,74949,6530,219539,166599,9173781,True,False,English
Skyyart,5948463,1852,32577,2311,598579,239491,8203617,True,False,French
gratis150ml,5944957,3301,9601,1801,741652,129328,12187175,True,False,Portuguese
ShivFPS,5923160,3386,7216,1782,236407,174213,6900666,True,False,English
Ponce,5918191,1856,23255,3043,242969,196880,13687141,True,False,French
Distortion2,5902405,2837,11495,1953,314170,44982,5500067,True,True,English
boxbox,5889944,1962,25314,2717,1717150,145809,9971842,True,False,English
강지 (rkdwl12),5889684,2357,29993,2484,507418,270927,12873339,True,False,Korean
TheKAIRI78,5884101,838,47081,6795,885915,650990,5134322,True,False,French
RiotGamesRU,5878345,298,73049,19753,173861,75538,6832561,True,False,Russian
FPSThailand,5850423,2644,38563,2260,390579,74894,18596656,True,False,Thai
김나성 (naseongkim),5835344,3591,7628,1584,103260,20536,8471746,True,False,Korean
오킹 (obm1025),5771272,1600,19328,3563,428179,244442,8920133,True,False,Korean
singsing,5769532,2113,11839,2735,572005,45761,6526670,True,True,English
BlackUFA,5752774,1467,10349,3889,279922,34803,12888906,True,False,Russian
QuattroAce,5704563,3095,48810,1696,157620,136490,7245324,True,False,Russian
bateson87,5702711,1645,20204,3344,598678,254821,16648694,True,False,English
Staiy,5697904,1525,15429,3711,259624,90591,5503882,True,False,German
polsatgames,5673624,964,66706,5695,141026,74586,16290334,True,False,Polish
NymN,5668258,1668,23488,3402,241746,111122,4409296,True,True,English
orangemorange,5636899,2047,18387,2653,261139,85861,9889442,True,False,German
MinosTV_,5634742,2786,24576,2034,204605,192534,5554989,True,True,French
NairoMK,5594920,1770,22074,3054,339545,69474,6132895,True,False,English
철면수심 (109ace),5588531,2423,12180,2202,166726,35165,7631326,True,False,Korean
UnknownxArmy,5564494,1537,41700,3735,850944,836664,11325781,True,False,English
s1mple,5551623,410,34971,12723,1681884,740732,20277843,True,False,English
bysTaXx,5532751,815,259210,6210,1093212,795296,10207313,True,False,Spanish
Sjow,5528769,2495,8140,2189,240206,21662,3365340,True,False,English
hardgamechannel,5521816,918,27529,5711,786562,256678,10562872,True,False,Russian
scoped,5502675,1056,47343,5165,731808,728892,8279834,True,True,English
VooDooSh,5490811,2294,7560,2519,85678,66129,9003037,True,True,Russian
WELOVEGAMES,5482252,1942,27956,2761,413458,49713,23682775,True,False,Russian
StereOnline,5461628,6679,4227,785,327645,91352,4620985,True,False,Portuguese
keanelol,5454046,2454,7208,2176,162917,85035,4068823,True,False,English
살인마협회장 (sal_gu),5441469,2048,16252,2663,164092,45255,6226900,True,False,Korean
sips_,5428850,1816,7872,2984,430755,84034,4331397,True,True,English
ESL_CSGOb,5427287,875,89949,5114,575769,183662,13742820,True,False,English
kyo1984123,5416968,3416,5967,1516,135687,12731,12070678,True,False,Chinese
midbeast,5407225,1966,16153,2652,330060,143256,10000927,True,False,English
Alexby11,5387084,913,53526,5331,1448018,1145810,8378248,True,False,Spanish
Tumblurr,5380691,1353,17165,3846,353687,236441,4008897,True,False,Italian
Veritas,5335356,2252,103833,1595,182492,131913,4176079,True,False,English
daltoosh,5319907,2574,16445,2038,241602,163486,3665065,True,False,English
ELoTRiX,5317533,938,31194,5620,895851,318247,5587147,True,True,German
TSM_Viss,5273960,1963,18844,2668,762778,101135,7091125,True,False,English
Anthony_Kongphan,5272773,2732,49085,1858,462128,44534,6805829,True,False,English
modestal,5270057,924,25985,5660,323364,193939,11440074,True,False,Russian
소풍왔니 (yumyumyu77),5260230,1105,24521,4496,309322,46911,13030325,True,False,Korean
XEWER,5256642,3155,17100,1660,455056,215059,6449741,True,False,French
blxckoutz,5244271,2549,18483,2566,482061,402587,8381945,True,False,Portuguese
EASPORTSFIFA,5217968,202,106126,24395,1287954,427684,11286667,True,False,English
ALOHADANCETV,5214978,1172,18317,4288,555334,92209,12461610,True,True,Russian
연두는말안드뤄 (rudbeckia7),5192002,2105,7111,2478,212053,24606,9675073,True,False,Korean
Flashpoint,5188764,322,77708,11713,93616,93120,27828448,True,False,English
Steelmage,5186981,2974,10815,1696,60987,37839,7005761,True,False,English
RoyalPhunk,5184883,1742,12141,2934,204451,34597,4921311,True,True,German
Overpow,5164877,2550,10858,2004,254516,29344,9020762,True,True,Polish
NeVeR_LosEs,5159319,1377,9671,3680,200953,23806,10608507,True,False,Chinese
AvoidingThePuddle,5151955,1349,13108,3893,336181,67040,4202354,True,True,English
Ko0416,5130395,3343,5448,1515,108784,12127,11705657,True,True,Chinese
Dota2ruhub2,5122190,920,54508,5158,248277,71813,13417924,True,False,Russian
Slushpuppy,5116693,2508,118125,1560,122486,85852,5065635,True,False,English
itmeJP,5115347,2432,24603,2079,369273,6134,10677522,True,False,English
JesusAVGN,5101276,1305,43859,3838,682899,181914,13548535,True,False,Russian
tarzaned,5100168,1206,14602,4159,388878,172683,7744943,True,True,English
Mickalow,5099466,2621,37872,1830,864324,260914,8191116,True,False,French
UNLOSTV,5076651,333,128345,12171,1585519,571237,11452750,True,False,Turkish
resttpowered,5070370,2472,9248,2072,252184,37681,8585834,True,False,Slovak
Felps,5057265,1615,15553,3109,844681,284169,6099521,True,False,Portuguese
Doublelift,5031953,339,52584,13364,1389835,166536,7617972,True,False,English
쉐리 (kss7749),5029840,1923,12295,2403,170718,19597,7546887,True,False,Korean
Kiwo,4991155,3905,10836,1243,296481,38195,4900030,True,True,English
adolfz,4987266,1042,15928,4926,294217,154653,2743587,True,True,Portuguese
LigaPro1,4980469,3877,11533,1149,30986,29434,60922719,False,False,Other
knekro,4980198,1703,13731,2912,260728,97206,10900480,True,False,Spanish
Savjz,4978217,1436,12708,3401,542892,13967,4072337,True,False,English
BobbyPoffGaming,4977807,3738,6453,1254,125803,81131,2208405,True,False,English
The_Happy_Hob,4933320,1768,8560,2834,216106,38712,4158704,True,True,English
Smurfdomuca,4914467,1784,18282,2843,267948,251923,5976634,True,False,Portuguese
Timmac,4911063,3199,13500,1460,393639,32867,4232938,True,False,English
Nikolarn,4899208,2158,30044,2279,526389,214216,3964166,True,False,English
소우릎 (so_urf),4894804,2798,9665,1756,95477,44040,8120712,True,False,Korean
RiffTrax,4893051,8690,24765,562,79099,17200,3313465,True,False,English
pimpimenta,4883568,2749,20855,1744,828298,254312,12258152,True,False,Portuguese
FACEIT TV (faceittv),4881358,598,145470,9722,1681615,23166,17259602,True,False,English
crokeyz,4878311,2718,5916,1796,68907,36715,3476636,True,False,English
Letshe,4852415,1345,28808,3073,884661,687813,11561585,True,False,English
SaltyBet,4849850,8469,3467,571,224099,69465,4509671,True,False,English
소니쇼 (sonycast_),4841653,1676,7998,2840,255949,54706,10802748,True,False,Korean
HGmony,4841027,1856,21999,2465,34358,32326,90310969,False,False,Russian
jakenbakeLIVE,4825521,2007,23432,2375,489623,116554,7920696,True,False,English
Syndicate,4822829,978,22845,4281,3000509,282047,13227099,True,False,English
RakanooLive,4818514,1742,22607,2726,1234662,471456,3836302,True,False,Arabic
공혁준 (rhdgurwns),4818385,1276,40001,3828,289455,67061,12487303,True,False,Korean
limit_maximum,4814297,1431,124818,1886,162040,70116,5965543,True,True,English
ElRichMC,4807350,519,95938,9062,688715,431071,8120275,True,False,Spanish
guit88man,4796070,2344,7681,1989,144898,25130,8666012,True,True,Russian
RaizQT,4780653,2032,15185,2164,167584,31194,5190502,True,False,English
ReventXz,4780332,1405,47282,3073,362062,219868,8050871,True,False,Spanish
PatoPapao,4779015,1674,11694,2795,656860,116753,8955254,True,False,Portuguese
Replays,4765536,2337,16193,1983,871405,449727,5185473,True,False,English
cdewx,4744099,2319,23448,1904,380159,50596,8015709,True,False,English
亞洲統神 (asiagodtonegg3be0),4739247,1060,18594,4426,494643,22853,11106574,True,False,Chinese
BotezLive,4724656,1930,36278,1985,330772,280964,12851602,True,False,English
Conterstine,4723313,1546,18090,2557,386804,375789,5308302,True,False,Spanish
BeyondTheSummit_PT,4712558,5650,49496,807,203549,60955,9694977,True,False,Portuguese
AlphaCast,4692229,1402,28898,3046,411993,152951,8864009,True,True,French
DownToQuest,4689417,8559,20723,543,82299,53724,3524088,True,True,English
똘똘똘이_ (jungtaejune),4680177,2765,6787,1649,124835,15713,8660860,True,False,Korean
PENTA,4679967,1945,7172,2322,152821,40474,2786097,True,True,English
thedarkness,4678463,2593,7440,1914,536792,138160,7628946,True,False,Portuguese
uhSnow,4671600,1475,8375,3150,134611,43869,3334788,True,True,English
JERICHO,4669615,1881,21935,2401,1191987,66665,7582522,True,False,English
T90Official,4661527,1273,51422,3379,160226,69044,6886631,True,False,English
DanucD,4637062,2250,4439,2045,546052,223147,12048648,True,False,English
DisguisedToast,4628265,338,38169,9892,1340283,192604,5928269,False,False,English
DesertHeartsRecords,4605219,1077,24264,3620,85097,84304,58418224,False,False,English
Jankos,4581496,750,18826,5858,573657,271355,9284513,True,False,English
GarenaTW,4566067,207,85416,22130,401222,21388,7818029,True,False,Chinese
개복어 (dogswellfish),4565344,2687,10929,1601,215413,37690,10626908,True,False,Korean
Sykkuno,4546894,1517,29658,2530,334591,305734,5285377,True,False,English
JokerdTV,4530261,2002,319862,2013,159384,157656,9070954,True,True,English
A1taOda,4497956,2343,11974,1844,537519,67361,10306828,True,False,Russian
livekiss,4491982,8621,7435,520,31323,2447,1641644,True,False,Chinese
Jerma985,4489543,958,15921,4773,334594,92752,3411872,True,True,English
KamoLRF,4487163,1105,19264,3948,688868,184854,5731570,True,False,German
GoldGlove,4477206,1998,22448,2196,1433703,23684,16902968,True,False,English
harbleu,4440657,1096,13230,3926,349467,112349,3527460,True,False,English
runthefutmarket,4423768,1415,20746,2999,292812,146753,4266359,True,False,English
웁_게임방송 (alenenwooptv),4420493,3165,4290,1418,125615,22295,5390604,True,False,Korean
KarmikKoala,4377182,2007,10587,2205,151920,71165,8619663,True,False,Russian
JustCooman,4376879,1267,10776,3287,159117,89413,7809170,True,False,Russian
IamCristinini,4374875,2254,7943,1906,398634,218848,12690137,True,False,Spanish
Xop0,4371276,3932,4074,1110,94751,50725,18709302,False,False,Russian
Warframe,4369333,229,346131,12843,1254031,282680,5405191,True,False,English
Smoke,4360298,1667,25500,2331,166007,53212,2955403,True,False,English
Moondye7,4360181,1622,22231,2530,306920,39732,6839587,True,False,German
jean_mago,4354213,1890,11418,2012,342691,269837,7609872,True,False,Portuguese
mL7support,4347423,1923,9038,2124,342850,140872,5387428,True,False,English
KriszhAdvice,4300196,2461,28709,1593,284899,97984,6927865,True,False,Hungarian
QuickyBaby,4263683,1978,11077,2207,416329,45998,5642381,True,False,English
aDrive,4251460,1684,14637,1692,461081,117274,3858228,True,False,English
Ampeterby7,4247537,458,43882,9301,1194476,1185647,6513197,False,False,Spanish
KabajiOW,4246202,1204,13865,3252,369667,87338,4098475,True,True,English
SNEUX,4245294,958,30067,3748,196635,155555,4540889,True,False,Spanish
TrU3Ta1ent,4239089,1895,10901,2204,595939,101235,6614948,True,False,English
OgamingSC2,4224981,8074,11457,547,105368,11075,15776556,True,False,French
머독 (ajehr),4207538,1276,11117,3292,362794,86655,5623906,True,False,Korean
cyr,4205760,2436,19267,1678,182107,49771,4106827,True,True,English
MrSavage,4193799,550,31525,6883,1651212,734583,9931629,True,False,English
Perxitaa,4191620,505,55418,8010,689582,669977,7036771,True,False,Spanish
IlloJuan,4184464,1008,24315,4087,275174,178705,5676686,True,False,Spanish
masondota2,4177072,1386,8377,2882,104526,39906,3406472,True,False,English
Annoying,4171617,1071,17361,3884,431285,158587,1799471,True,False,English
고차비 (kumikomii),4163691,2539,5227,1615,177741,62122,5979126,True,False,Korean
Manyrin,4158148,1818,17140,2284,449520,146381,11128490,True,False,Russian
1DrakoNz,4157938,1653,15242,2655,373375,252999,6950267,True,True,Portuguese
Pace22,4131047,2616,10350,1524,171871,112723,3080537,True,True,English
Rammus53,4128835,1742,16370,2217,978645,332303,11041262,True,True,Turkish
SaltyTeemo,4126887,8633,1803,476,173196,36103,2117741,False,False,English
Odablock,4125592,1693,29397,2336,131966,92477,4228405,True,False,English
MckyTV,4124689,1083,49791,3599,722041,256660,9947455,True,False,German
Calebhart42,4116239,2080,6763,1808,177595,13410,2533119,True,False,English
MacieJay,4112698,1796,7318,2249,835787,195140,5353692,True,False,English
R6esportsBR,4111876,785,60386,4021,323856,98848,5855733,True,False,Portuguese
chistor_,4105713,2140,7099,1838,89608,30354,5658271,True,False,Russian
Kephrii,4098908,2752,8709,1297,559647,102990,5923710,True,False,English
FEDMYSTER,4089996,415,35011,9086,609723,284967,5176805,True,False,English
Gosu,4080906,1076,16362,3502,1751290,185952,9377658,True,False,English
supertf,4077260,1509,9118,2526,196136,139939,3551440,True,False,English
MoMaN,4075037,2429,16550,1363,360418,120693,8390437,True,True,French
Kotton,4073545,1216,58818,2757,253065,80920,4459178,True,True,English
saintvicious,4071038,2800,5370,1422,247236,44436,3133396,True,False,English
winstrike_tv,4061858,328,153252,12058,148183,148055,8767404,True,False,Russian
pijack11,4059645,2469,8181,1569,252717,144993,6752832,True,True,Portuguese
pqueen,4057754,1482,11976,2602,485787,328149,8544093,True,False,Turkish
Northernlion,4047219,1014,9312,3968,359260,22629,3384340,True,False,English
Nattank,4026942,2408,8770,1537,86544,67207,8232442,True,True,Portuguese
bmkibler,4026924,1720,15034,2247,475075,23971,5087052,True,False,English
Arteezy,4013914,204,31009,19681,634982,99726,3776042,True,True,English
선바 (sunbaking),4011053,1437,8260,2762,251416,98720,3298202,True,False,Korean
flamuu,3983646,2115,5242,1851,117425,36301,3225407,True,True,English
Mixwell,3983232,881,23552,4219,331208,271798,6539837,True,False,Spanish
AntoineDanielLive,3970285,914,16671,3964,416920,272263,6778234,True,False,French
G4G_REVENANT,3962786,1368,14376,2947,284620,69353,6608568,True,False,Spanish
maxim,3945130,1194,21262,3173,312566,129119,5439874,True,True,German
양띵 (yd0821),3936982,471,38412,8075,279864,56233,1901665,True,False,Korean
c9judite,3928151,6073,8210,644,105341,84754,7982996,True,False,Portuguese
WOKE,3921719,860,50598,3827,107484,105725,3460437,True,True,English
Amaz,3920925,1408,12652,2764,915023,-5405,4237993,True,False,English
ESL_SC2,3912101,4645,40072,1414,305311,36130,5674624,True,False,English
CooLifeGame,3905129,783,15459,4415,395859,167356,5764214,True,False,Spanish
BruceGrannec,3901746,1304,11287,3011,463188,95268,5973378,True,False,French
CuteDog_,3900971,3451,7016,1104,113658,22074,3489772,True,True,English
大丸 (wtf_winds123),3889932,1546,11975,2410,259338,32952,9883708,True,False,Chinese
theRealShooKon3,3886836,2771,6148,1333,126282,37207,2944974,True,True,English
Albralelie,3880266,2143,18730,1668,240030,216977,5392597,True,False,English
룩삼 (looksam),3870402,1250,32222,3302,285474,14351,7901792,True,False,Korean
GTimeTV,3869000,3122,14110,1022,665021,155419,5838039,True,True,German
WagamamaTV,3866431,2974,7377,1268,312799,20933,3880798,True,False,English
sleepy,3857541,1788,8855,2103,317125,254462,3295029,True,False,English
FifaTargrean,3850429,2847,6721,1353,396862,66121,7798628,True,False,Thai
GrandPOObear,3850196,1686,13295,2230,253619,44926,3877237,True,True,English
Pun1shers_TV,3842549,2055,6289,1961,82289,51159,4148542,True,False,Greek
gamelifeow,3830094,1660,37939,1659,234471,169229,8373012,True,False,Russian
Sh4dowehhh,3829382,1881,11788,2012,84234,70619,6477747,True,False,Russian
LuluLuvely,3829150,1784,10110,2178,431852,360592,6019198,True,False,English
Swifty,3823858,2036,19884,1572,615027,71011,8647522,True,False,English
Mibrtv,3810667,1377,151094,3310,250709,242229,6671227,True,False,Portuguese
PsheroTV,3806281,3070,10739,1166,202779,59927,5384623,True,True,English
bytarifaaa,3801294,256,121009,13435,638657,629175,3651549,True,False,Spanish
Alderiate,3794596,1150,11480,3337,319860,80730,5471250,True,False,French
Solaaaa,3791324,1606,16718,2227,309594,107558,5135340,True,False,German
Strippin,3790977,2026,9127,1816,293665,19904,3115313,True,False,English
Mendo,3774555,1658,25321,1959,518090,176007,5487693,True,True,English
Pikabooirl,3765663,1729,21309,2146,237214,78399,5574448,True,False,English
Skadoodle,3756694,1499,30357,2318,611890,219104,5373229,True,True,English
MasterSnakou,3754057,2071,12948,1786,448316,73137,6565757,True,False,French
루시아 (lucia94),3746047,2361,8886,1603,82578,37026,5801449,True,False,Korean
Otzdarva,3709106,1531,14940,2387,262104,146762,3176930,True,False,English
꽃핀 (cherrypach),3706284,1568,10985,2369,240835,90457,6606649,True,False,Korean
Opat04,3702695,1946,9497,1814,178477,109720,6632006,True,False,Czech
icebergdoto,3697285,873,16441,3746,171113,84551,6944929,True,False,Russian
P4wnyhof,3697062,3030,7196,1205,489174,6719,6891131,True,False,German
Mazarin1k,3681760,3373,9605,780,205378,68292,9980766,True,False,Czech
김뚜띠_ (kimdduddi),3666636,1512,7244,2318,149158,67954,3549865,True,False,Korean
옥냥이 (rooftopcat99),3648138,1546,8794,2256,214028,59213,5969221,True,False,Korean
KingGothalion,3645129,581,41994,5792,1015521,44907,3349456,True,False,English
ItsSlikeR,3642947,1594,12762,2317,283503,154360,5243404,True,True,English
Alinity,3641817,1502,17341,2441,1203324,255987,13908506,True,False,English
TidesofTime,3640257,1474,12457,2104,251700,27110,2240586,True,False,English
GernaderJake,3638633,2438,21162,1347,295771,70693,8847646,True,False,English
スタンミ (sutanmi),3630550,1336,7854,2683,53124,16505,3473483,True,False,Japanese
DarioMocciaTwitch,3624599,1733,8160,1749,114376,96707,4356099,True,False,Italian
bebe872,3622390,3536,4965,1087,70232,51251,2383295,True,False,English
Lasqa,3616156,1203,10010,2863,135446,25351,5298356,True,True,Russian
六希夫 (qttsix),3615859,2567,9671,1412,118305,23620,8174656,True,False,Chinese
Flight23white,3613204,524,74388,7522,828896,704583,2016920,True,False,English
Heelmike,3605269,1690,18963,2115,308927,208795,3406743,True,True,English
OGADotaPIT,3601214,311,60846,10161,157820,48664,8333671,True,False,English
SoloRenektonOnly,3596771,2049,5118,1735,391603,74554,4581141,True,False,English
OfficialAndyPyro,3595448,3493,9676,1027,255595,29422,10284627,True,True,Finnish
k3soju,3587223,2097,7504,1647,76666,70939,2609837,True,False,English
SkyrrozTV,3585376,1431,17061,2185,597890,216436,6233611,True,False,French
LeBouseuh,3578321,1024,24497,3678,988237,351530,4545514,True,False,French
BikeMan,3575074,2280,7223,1486,264192,11101,3531376,True,True,English
Rubini,3568836,2699,5521,1284,102528,43426,7976244,True,True,Portuguese
JLWaliid,3563650,1581,19603,2239,272391,246417,4345817,True,False,French
qSnake,3542365,2549,5441,1389,200878,37641,6296155,True,False,Russian
Criken,3540831,1884,11050,1828,285509,32753,3593487,True,True,English
Loserfruit,3538636,1658,42374,1816,1869993,790345,10477877,True,False,English
Broxah,3535688,776,13137,4269,317896,209200,5351294,True,False,English
JonVlogs,3535241,1353,21617,2239,480299,261559,3260166,True,False,Portuguese
ImSoFresh,3526960,3001,5788,1119,111954,36095,3673955,True,False,French
BeBePtv,3521798,1833,14353,1865,57205,24674,63847323,True,False,Russian
TrilluXe,3514987,1319,27943,2095,412495,95629,7212835,True,False,German
landonorris,3491665,502,97550,6524,584831,457635,12694726,True,False,English
LotharHS,3476075,2537,14561,898,251812,136198,6742783,True,False,Polish
ElcanaldeJoaco,3467675,340,48072,8673,810622,758797,4893535,True,True,Spanish
CzechCloud,3465643,2417,8212,978,180668,111145,9000160,True,False,Czech
chess24,3459335,1367,32856,1603,66198,49745,20337169,True,False,English
TheNo1Alex,3444905,2948,8554,1105,140855,30883,7225371,True,False,English
Crystal_LoL,3441451,2328,7471,1466,167132,98846,5571500,True,False,Turkish
WeAreTheVR,3440782,1266,20851,2688,410814,85526,9512134,True,True,Hungarian
AdzTV,3437597,2287,11247,1443,489577,167548,4236933,True,False,French
IrmanPlay,3429876,709,17697,2612,252042,232876,3312084,False,False,Russian
Tomato,3429867,1268,5358,2675,92634,36010,2200922,True,True,English
쫀득이_ (pjs9073),3429135,1320,15654,2597,193757,115990,5979215,True,False,Korean
runitup247,3429100,8100,1182,422,91608,30397,2424188,True,False,English
NeZaK_,3424039,2236,7262,1407,255840,207722,3017013,True,False,Italian
피닉스박1 (xkwhd),3420426,2993,9938,1139,142209,50675,4794915,True,False,Korean
skill4ltu,3416954,2258,4049,1503,127741,46398,4548052,True,True,English
ilMasseo,3414818,1539,8980,2184,617665,436741,4364008,True,False,Italian
Worrun_,3407345,1574,41881,1728,146163,103762,3425022,True,True,English
brax,3405515,433,28736,5295,574927,282648,4449212,True,False,English
rewinside,3401947,807,24167,4455,1259972,372220,5349508,True,False,German
금사향 (sah_yang),3400499,2088,7143,1559,206794,108366,7584329,True,False,Korean
HAchubby,3398468,1218,13675,2779,221461,159519,5075885,True,False,English
Recrent,3397567,2156,6781,1502,220789,120204,8936320,True,False,Russian
iLame,3385294,2683,4911,1243,233263,66490,9831952,True,True,Russian
ixxYjYxxi,3385040,621,15223,5459,857099,409932,2378245,True,False,Arabic
Wingsofdeath,3380969,2402,7176,1343,473157,6267,2534023,True,False,English
mang0,3380710,2338,24391,1403,328671,53694,3077795,True,True,English
Kamikatze,3377255,2115,8509,1586,107476,36955,4997073,True,False,German
Philza,3376523,1048,24611,2991,527540,292543,5158370,True,False,English
Kurumx,3374799,2186,16413,1543,50286,49439,2485867,True,False,English
Pieface23,3363718,1556,14072,2149,238155,127444,2037389,True,False,English
CurtisRyan,3353898,2711,7245,1205,65688,33141,3760730,True,True,English
CalebDMTG,3343040,2027,5446,1608,71327,9005,1563033,True,False,English
MarkiLokurasY,3342538,1184,26329,2714,923377,417223,7000112,True,False,Spanish
JLBichouu,3337611,1512,16461,2039,212578,150452,4001304,True,False,French
나나양 (nanayango3o),3332666,2033,6411,1589,147351,63332,4789098,True,False,Korean
DavyJones,3330485,806,44526,4111,955846,454965,10940319,True,False,Portuguese
Fairlight_Excalibur,3330437,2727,19156,1208,408958,5162,1645770,True,False,English
PG_Esports,3330358,1795,24734,1933,112874,41935,16923320,True,False,Italian
StreamerHouse,3325027,8275,12609,402,630255,10659,2800864,True,False,English
Peereira7,3304212,2230,14532,1377,377689,361206,6222094,True,True,Spanish
Twitch,3301389,200,130795,9190,1189614,223168,46395022,True,False,English
Sev7n,3288594,3060,31836,1037,469944,225963,7453572,True,False,Portuguese
Wardiii,3279060,1738,9459,1670,76777,31905,3970743,True,False,English
자동 (tranth),3276419,2371,5451,1402,85764,11733,5114165,True,False,Korean
Kubon_,3265727,2430,9545,1323,267984,25721,6142647,True,False,Polish
KarasMai,3263339,2305,6728,1374,281664,139915,3975842,True,False,English
Sloot,3258757,3459,21283,937,205002,23506,4415937,True,False,English
LPMassive,3257472,1354,18813,2181,315264,22874,2409670,True,False,German
羅傑 (roger9527),3256644,577,12707,5401,131484,22369,4197860,True,False,Chinese
ChicaLive,3255739,1540,14928,2045,1041932,631422,2776587,True,False,English
도현_ (d_obby),3254505,2158,16860,1401,195405,153300,5913454,True,False,Korean
Valkia,3249351,1772,23519,1008,308459,146451,8091070,True,False,English
caps,3239607,297,26754,10170,479368,270611,6373471,True,False,English
龜狗 (gueigotv),3237702,2248,9918,1373,165232,25466,6005834,True,True,Chinese
Alfie,3234570,3029,15588,971,183885,33462,3380440,True,False,English
NiceWigg,3231869,2169,13013,1475,184033,111498,2871081,True,False,English
zEkO,3231131,749,21313,4440,743040,370683,5338943,True,True,Spanish
x6FlipiN,3226229,1018,19304,2712,279204,186655,6462906,True,True,Spanish
JASONR,3224346,3136,33902,992,777611,136800,6183865,True,False,English
Dhalucard,3210164,1390,22306,1828,269408,97678,7444967,True,False,German
duckmanzch,3207138,2165,14684,1363,122694,75228,9240202,True,False,Thai
MrBboy45,3192057,1847,9408,1659,318995,57504,6445684,True,False,French
인간젤리 (ses836),3174142,2620,7683,1213,105730,29332,5099767,True,False,Korean
AladdinTV,3164836,2191,4279,1416,110211,45168,4298260,True,False,German
miniminter,3162605,690,27188,4215,858427,588461,16598800,True,False,English
ClintStevens,3153442,668,15223,4445,393432,102753,2303521,True,False,English
NoctisAK47,3151355,2854,7264,1052,73584,41176,6381664,True,True,Thai
Daxak,3146072,1414,7721,2061,116897,64239,5857325,True,False,Russian
ThaldrinLol,3145838,1868,11305,1671,521166,95126,7822019,True,False,Turkish
olyashaa,3128716,1295,9142,2296,559877,138621,14210392,True,False,Russian
Jay3,3127649,2759,9514,1111,189654,124100,3079327,True,False,English
SovietWomble,3124957,1056,9616,2900,1368076,214775,5846971,True,True,English
GodHunt,3118331,1576,19032,1820,202883,30738,7464390,True,False,Russian
Everyeyeit,3116994,2218,18421,1236,86590,42213,52155951,True,False,Italian
Speedrun,3113340,8333,16604,375,93358,51098,13863239,True,False,English
iamSometimes,3109955,1714,23238,2004,179552,99162,4766495,True,False,Thai
Broeki1,3109378,2361,13091,1317,150944,25995,4702541,True,True,German
hexy,3101006,1508,14020,2092,336093,20006,2855592,True,False,English
Etoiles,3099709,1302,45364,2090,220873,167386,6466352,True,False,French
xChocoBars,3098433,1605,37216,1917,583881,107350,8679867,True,False,English
GN_GG,3096595,1801,4859,1715,91514,14734,3333965,True,False,Russian
SheriffEli,3089913,2390,5988,1291,265814,11832,2355559,True,True,English
iateyourpie,3080341,3022,10962,987,124020,7942,4878552,True,False,English
KYR_SP33DY,3070555,1584,6607,1879,706212,66637,2451110,True,False,English
armateam,3051110,6328,3181,479,187315,8680,3569807,True,False,French
JeelTV,3039837,1664,7302,1768,357385,276765,6668409,True,False,French
Pengu,3039305,1177,7707,2452,775987,241309,5240516,True,True,English
태준이 (dlxowns45),3038490,1327,10549,2023,346631,124060,5444952,True,False,Korean
gabepeixe,3032159,1695,5955,1788,149362,25034,2795325,True,True,Portuguese
TSM_TheOddOne,3031802,3140,4363,913,864087,-15772,6370949,True,False,English
luke4316live,3028823,5116,2757,636,168531,36988,4795414,True,False,Italian
VGBootCamp,3023856,1284,97791,1534,521938,24798,5491154,True,False,English
CapcomFighters,3020868,397,84858,5684,348447,20205,12878708,True,False,English
Datto,3017921,1190,82047,2122,530822,89739,4566171,True,True,English
NeverSayYesTwitch,3016314,1924,10771,1357,194933,176218,3381154,True,False,French
BeatportOfficial,3014170,462,48457,5300,126546,124653,36484452,True,False,English
포셔 (portialyn),3011235,2139,4498,1349,39485,29698,2460689,True,False,Korean
케인 (kanetv8),3006005,2172,10087,1313,141167,52606,7004305,True,False,Korean
Sanchovies,3002780,2353,15588,1250,154845,145102,3924344,True,False,English
GhostFreak66,2998995,1788,94791,1029,111646,89879,2471382,True,True,English
RTAinJapan,2998008,269,42822,8383,71730,44766,2700751,True,False,Japanese
WankilStudio,2993032,287,28866,10173,726730,274734,5141210,True,False,French
SLAKUN10,2987705,159,48358,18906,1874932,1874846,5835029,True,False,Spanish
Monkeynews,2984718,2582,72483,1288,80290,54112,4978021,True,True,English
forever,2982430,493,53702,5300,373484,360874,2863254,True,False,Portuguese
AlpTV,2978824,643,33059,2913,576276,257474,6685553,True,False,Turkish
Crocodyle_lol,2978794,1600,8810,1802,107835,77142,3657348,True,True,French
WARDELL,2978641,2119,16215,1394,306435,288200,5304936,True,True,English
Tiagovski555YT,2976050,1267,11245,2061,220585,130719,5057048,True,False,Portuguese
Altair,2975619,2426,3702,1183,42265,19448,2779740,True,True,French
NiteNightKid,2973650,2484,29228,1127,28818,11998,1450208,True,True,English
fuslie,2970760,1126,45247,2504,336394,116757,7152158,True,False,English
Tyceno,2965793,713,40407,4015,297359,250536,1623230,True,True,English
Faux,2963338,2519,15167,1133,237909,29301,3248586,True,False,English
RiotGamesTurkish,2962434,397,36258,7414,651994,49244,9998277,True,False,Turkish
makataO,2958508,3046,12292,910,391656,137135,7336811,True,False,Russian
Drjayfisto,2952653,2589,4092,1105,130341,41353,6201998,True,True,English
CarTmaNzbs,2943470,1610,7809,1793,386948,65268,13183429,True,False,Russian
Th3Antonio,2934546,1036,13955,2419,223756,87872,5222867,True,False,Spanish
BigEx,2933424,1614,21401,1569,256448,138235,1947938,True,False,English
BigSpinCR,2920924,1549,21815,1824,185784,81726,2995202,True,False,German
Maghla,2920600,1291,16695,2124,329065,234216,6831650,True,True,French
Becca,2914036,1920,11405,1500,357844,56356,4198030,True,False,English
SirhcEz,2913735,2223,5928,1279,579629,34334,3081725,True,False,English
twlevewinsHS,2903815,1715,5425,1711,38410,31257,1353428,True,False,English
코렛트 (collet11),2901450,2267,6144,1248,215304,73181,5543661,True,False,Korean
Zombie_Barricades,2897052,3812,4497,735,172386,60031,2219053,True,True,English
NBA2KLeague,2896333,470,48495,4264,143535,42942,67586924,True,False,English
XBOCT,2894548,599,20110,4473,318230,78529,5635774,True,False,Russian
shtan_udachi,2893792,1453,7220,1929,100852,22524,3970603,True,False,Russian
orslok,2893463,866,21759,3082,327888,269085,5048873,True,False,Spanish
BRNWOWZK1,2891416,6094,6981,465,173713,87295,5330221,True,True,Portuguese
HellYeahPlay,2890721,1730,3946,1706,136885,31088,5014047,True,False,Russian
홍방장 (game2eye),2883590,1600,5698,1669,183891,22221,5266599,True,False,Korean
grafo,2874990,1851,7165,1544,414577,173024,5627155,True,False,Spanish
xTheSolutionTV,2871935,1300,16093,2027,320629,103800,2778565,True,False,German
Igromania,2868106,3116,6159,939,184078,13710,115312954,True,False,Russian
Back2Warcraft,2863706,1555,8309,1697,94929,21267,4016790,True,False,German
超負荷 (sam1268),2860041,596,11861,4538,148702,20433,5691145,True,True,Chinese
10000DAYS,2854887,2192,11193,1255,356683,158473,10528149,True,False,Turkish
iProMx,2853718,600,8874,4576,151788,80190,1637792,True,False,French
짬타수아 (zzamtiger0310),2851925,1505,6217,1876,185684,46791,6693148,True,False,Korean
GingiTV,2850224,1496,6450,1713,156597,45047,5117439,True,False,English
venruki,2841078,2218,13179,1264,292558,44449,7127552,True,False,English
Pimpeano,2835273,357,38592,6469,740343,665323,3744461,True,True,Spanish
MatteoHS,2831426,2358,5827,1176,428553,221153,4537952,True,False,Italian
nugiyen,2830974,2652,8448,996,121984,22377,3448935,True,False,English
HighDistortion,2825030,1760,20179,1397,1677690,61126,5125402,True,False,English
LuquEt4,2824277,2564,4958,1081,74404,45202,2807619,True,True,Portuguese
THump,2822764,1534,8063,1885,250786,115028,2168664,True,True,English
MaTaFe_,2820258,2558,8535,1096,116653,106957,4182011,True,True,English
rxnexus,2817112,1868,6765,1475,255944,23213,5862326,True,False,Russian
VaporaDark,2815716,1177,5041,2338,101359,22193,7610128,True,False,English
PaymoneyWubby,2814354,510,16622,5485,302419,126399,2668187,True,False,English
RTGameCrowd,2813870,644,20354,4259,861594,308499,3736356,True,False,English
다주 (dda_ju),2812791,1811,9137,1466,205041,52071,3755880,True,False,Korean
Bawkbasoup,2812273,2170,7853,1259,94820,27795,2313340,True,True,English
견자희 (wkgml),2806938,1269,10656,2210,415795,150813,6013389,True,False,Korean
Werlyb,2805666,951,37980,2399,204348,146852,5349362,True,False,Spanish
TSM_Hamlinz,2798308,184,51989,15483,2137521,126150,2268382,True,False,English
DougisRaw,2797920,2566,22641,1076,127151,74509,2149900,True,True,English
Mmorpg,2796244,3048,4994,908,235167,19566,3055373,True,False,English
BreaK,2792239,1926,9531,1432,309300,18289,3880016,True,True,English
berkriptepe,2788765,546,24573,4103,622358,281667,5508199,True,False,Turkish
Xposed,2788487,1854,8580,1475,266853,147449,2220313,True,True,English
무굴 (moogrr1211),2786437,3146,2008,879,37162,10214,3006979,True,False,Korean
BoarControlHS,2781534,2555,3622,1064,79204,39363,2852825,True,False,English
Dementardo,2780845,590,15476,4663,547154,465321,2419659,True,False,Spanish
CrReaM,2776460,2372,8098,1150,165906,6207,1614843,True,True,English
Xiuder_,2773716,2868,13675,909,312280,298759,3022408,True,False,Italian
SmallAnt,2772535,1612,11518,1821,255156,218287,2695198,True,False,English
Naowh,2759834,2007,11693,1333,103636,48833,5069397,True,False,English
Tonton,2758946,2225,9738,1237,147542,76656,3954958,True,False,French
逼比 (bebelolz),2750265,1077,7592,2488,260119,26670,6966348,True,False,Chinese
踢虧 (takesipon),2749686,1860,8103,1534,57634,11867,3983662,True,False,Chinese
Vargskelethor,2745995,973,6577,2809,287063,60041,2147906,True,True,English
핑맨 (95pingman),2744558,790,26738,3449,195423,97696,3424139,True,False,Korean
LobosJr,2728941,2022,12709,1332,375646,27173,3970888,True,True,English
ZONY,2727822,2466,7172,1118,260125,140806,3739750,True,False,Polish
Monstercat,2726489,8661,14261,313,788684,22331,4084222,True,False,English
k1ng,2723022,609,52558,4365,706537,614383,6210317,True,False,Spanish
DuelLinksMeta,2721783,1498,5792,1886,88697,33306,6092699,True,False,English
Esports_Alliance,2720148,618,27040,4293,117084,55445,8254877,True,False,Thai
lolesportsla,2718880,682,37187,4586,186208,71514,5283711,True,False,Spanish
Vovo,2714796,2509,7268,974,141898,92033,3786059,True,True,Portuguese
goncho,2713617,1029,18091,2431,442412,236558,6156791,True,True,Spanish
MenosTrece,2712307,1795,7132,1481,470873,190155,5465173,True,False,Spanish
swimstrim,2712058,1809,13314,1383,137885,62796,2964244,True,False,English
AnneMunition,2711915,1655,37236,1586,621921,65910,10222790,True,False,English
Reverse2k,2710305,3027,14160,925,380488,155158,3906784,True,False,English
erobb221,2709320,1374,10391,2028,244207,88737,2352357,True,False,English
voicetv,2708511,8580,1874,314,3660,1328,4001475,True,False,Thai
FFearFFul,2703882,602,116245,5305,727059,492841,2041776,True,False,Arabic
Cryaotic,2702306,1429,7169,1727,813371,24644,2326058,True,True,English
Dmitry_Lixxx,2696972,860,26715,3006,347824,332931,8549523,True,False,Russian
Sweatcicle,2691487,2298,14550,1023,160000,120954,2372907,True,True,English
tebtv,2691144,1155,13639,2177,76050,59909,10310607,True,False,English
_연두부_ (lovelyyeon),2689527,2342,4282,1115,108382,74892,5389852,True,False,Korean
pankylol,2686812,850,17394,3141,284563,166114,7887006,True,False,Turkish
Alkaizerx,2686431,1732,12430,1312,153870,21706,3152805,True,True,English
hastad,2677871,1425,10888,1812,868738,188163,4991368,True,False,Portuguese
미라지 (mirage720),2669398,1566,30706,1638,352412,122225,5107789,True,False,Korean
Tanxlive,2664591,2683,6899,971,244133,40087,7067999,True,True,Thai
Rogue,2662698,2016,7289,1186,169330,147217,2431075,True,False,English
easywithaces,2660919,1798,18686,1388,90359,35096,3279762,True,True,English
BeyondTheSummit_PT2,2660786,1749,126254,796,178612,137968,4834852,True,False,Portuguese
CarritosKami,2659296,1749,14634,1681,165439,67444,6694660,True,False,Spanish
dizzy,2658423,818,19262,2997,795869,122263,4572893,True,True,English
EAMaddenNFL,2657484,333,57179,5697,241924,72319,5152605,True,False,English
TobiasFate,2652868,2129,4681,1233,701822,49134,5210466,True,False,English
PUBG,2652337,547,35922,4647,733628,78929,4783744,True,False,English
BananaSlamJamma,2651185,1893,5152,1263,170181,23267,2546439,True,True,English
Dyrus,2649984,2305,11338,1123,1474090,111,3724340,True,True,English
Mushway,2649917,947,9611,2638,310100,233686,3178181,True,False,French
bazattak007,2649187,1455,11217,1630,391413,322355,4835861,True,False,Spanish
IFrostBolt,2633925,2821,6210,897,199618,106749,2723926,True,False,English
Kandyland,2631369,1445,9203,1748,405554,202294,11207571,True,True,English
감블러 (9ambler),2630877,1495,11279,1692,144116,77889,3731059,True,False,Korean
Sco,2630794,961,15241,1790,375911,32463,10361325,True,False,English
ProfessorBroman,2622098,2577,12676,955,732192,22714,3579571,True,True,English
Paoloidolo,2615030,2085,7659,1205,183900,57927,4585217,True,False,Italian
1PVCS,2613699,897,23081,2256,71596,31807,8056327,True,False,French
강퀴 (kangqui),2609077,1879,10809,1400,57130,18133,3877756,True,False,Korean
AkTep,2603945,1575,6300,1541,222796,51862,4273193,True,True,Russian
햇살살 (hatsalsal),2603516,1984,3915,1302,77861,25730,5576914,True,False,Korean
PardonMyTake,2600074,419,141406,6728,143916,143806,3300371,True,False,English
Sweet_Anita,2595532,960,21594,2690,972070,510063,7927278,True,True,English
Draineo,2593219,2068,7777,1169,102225,65702,175788,True,False,English
Cerbero_Podcast,2586459,952,19298,2647,179420,132867,4071398,True,False,Italian
cellinrj,2583042,1465,7136,1711,245715,122045,3621969,True,True,Portuguese
SkyshockTV,2578795,1571,6213,1605,114154,32991,3059244,True,False,Spanish
Evangelion0,2576597,1427,8533,1777,120494,28322,3446723,True,False,Spanish
AnthonyZ,2575402,1962,7416,1216,199617,23303,2812219,True,False,English
mokrivskyi,2572201,451,29983,5864,308815,304008,8255635,False,False,Russian
CaMaK,2571289,1456,9437,1759,151886,7578,3019137,True,True,French
Uthenera,2568765,1291,9460,2106,411346,99872,4832180,True,False,Turkish
Corobizar,2566473,1388,11200,1787,272635,84933,4345590,True,False,French
roflgator,2566062,1848,14329,1281,106365,46487,1449834,True,True,English
QuarterJade,2564294,1033,12144,2286,277256,167202,3921702,True,False,English
kutcherlol,2563078,2301,6802,1093,198818,36059,5070320,True,False,German
DieHahn,2546125,2083,8048,1229,231584,44782,3418935,True,True,German
chowh1,2545907,2390,8221,980,113551,84231,4175567,True,True,French
cacho01,2541572,910,18552,2669,269080,250197,2516244,True,False,Spanish
natalan,2541161,1008,9561,2240,529357,462674,2737155,True,True,Spanish
DreamHackDota2_RU,2541019,102,98717,22356,203419,30231,3637232,True,False,Russian
DuendePablo,2539059,2221,10121,1101,514073,118567,4216188,True,False,Spanish
小夜夜 (albislol),2533887,3474,3740,706,146276,10939,4554443,True,True,Chinese
UCCleague,2533694,2184,14003,1378,226974,46807,9915656,True,False,Russian
貝克 (slrabbit99),2528989,1880,5944,1329,106235,2495,4838617,True,True,Chinese
Stewie2K,2521198,412,27416,5296,875087,289867,5771575,True,True,English
jorbs,2518805,1963,4084,1243,70609,20603,1410877,True,False,English
BlackFIreIce,2511638,2333,3044,1070,108895,6130,4424196,True,False,Polish
kurt0411,2509650,628,26941,4083,142446,114789,2221662,True,False,English
Herdyn,2504442,2051,4254,1180,410224,91098,5639711,True,True,Czech
Frankkaster,2503019,516,49127,4886,826222,356711,5878239,True,True,Spanish
SayNoToRage,2502505,2297,8014,1010,168463,17619,1552234,True,False,English
MiltonTPike1,2499585,1366,8838,1845,200012,25768,2185519,True,False,English
H0llyLP,2496103,2181,4958,1116,151000,11875,3846703,True,True,German
MarkitoNavaja,2490122,473,26584,5070,665430,641813,3159593,True,False,Spanish
RobertoCein,2486047,1902,15249,1270,730326,422842,2907888,True,True,Spanish
KVYZEE,2484206,2693,8354,849,127963,74894,6715483,True,False,Russian
MarketTradersTV,2481668,8320,1357,297,30413,12081,981536,True,False,English
Flambass,2478625,2173,5507,1138,71953,26918,2319131,True,True,English
Aa9skillz,2476603,817,11843,2885,502696,142789,2373012,True,False,English
Limmy,2472851,1510,6575,1641,207508,136263,2433739,True,True,English
SparkofPhoenixTV,2469870,1540,15792,1462,433078,195208,3537808,True,False,German
kyliebitkin,2465814,2124,6688,1142,85336,25720,2468122,True,True,English
CoconutB,2465304,2042,4596,1171,188378,62459,2691775,True,True,English
FanHOTS,2461071,2242,2104,1090,64587,27948,2451118,True,False,English
Pelegrino1993,2454062,2153,6236,1074,80566,64799,1772816,True,False,Portuguese
Killars,2447763,3513,4232,642,46971,15728,1747381,True,False,English
Weak3n,2446168,1924,2922,1260,188176,30028,4780580,True,False,English
Tourva,2440201,1934,5067,1185,287553,182413,7888629,True,True,English
wintergaming,2437432,3260,7019,719,260779,13900,3609065,True,False,English
Vicens,2436663,435,30628,5739,730679,724245,4110592,True,False,Spanish
PainLivestream,2426836,1496,15002,1635,435872,81619,2283772,True,True,German
monkeys_forever,2424585,1341,6738,1563,79270,34329,2106144,True,False,English
Kaydop,2421528,1080,23304,2268,193058,117412,3185925,True,False,French
しゃるる (syaruru3),2419893,1733,3710,1309,33726,9684,3022192,True,False,Japanese
primeleague,2414315,508,19013,4427,73409,71211,5606593,True,False,German
LRojo_,2412723,1857,11178,1192,100767,82320,3959878,True,False,Spanish
trihex,2410144,2025,21721,1157,431935,29678,5777172,True,True,English
Spaceboy,2409998,2050,10590,1107,135311,27050,2614773,True,True,English
Froggen,2408280,778,10648,3024,770030,31800,3577064,True,False,English
BotanicX,2406022,1190,9135,1937,34119,11512,9335252,False,False,Russian
dinablin,2405130,1014,29316,2413,293748,239896,11129949,True,False,Russian
RiceGum,2402789,205,29173,11696,903261,388376,2273737,True,False,English
ipav999,2401908,3190,2536,737,163956,82668,2920832,True,False,English
Lutti,2397352,1487,37121,1153,226344,163441,3727211,True,False,French
kragiee,2390822,2031,6298,1137,234312,65977,3136101,True,False,English
Puppers,2390246,1643,6798,1458,171425,64591,1753517,True,False,English
Crayator,2386522,1252,4911,1796,599828,177501,3865293,True,False,English
MANvsGAME,2378281,1096,5831,2103,510330,2336,2713787,True,True,English
TheRealMarzaa,2375796,1550,12525,1505,495558,258153,2909149,True,False,Italian
foggedftw2,2374071,1861,8622,1220,242205,109500,3438208,True,True,English
Linkus7,2372044,2029,7248,1121,96728,41862,1866513,True,False,English
Arcadum,2370233,2245,13801,992,120586,78642,2169921,True,False,English
ImMarksman,2369476,1290,11141,1889,633443,152094,1311402,True,False,English
LightFuryLF,2368247,1855,15139,1169,51589,32663,4989684,True,False,Thai
BarcaGamer,2362270,1992,57917,1234,636568,548578,3012949,True,False,Spanish
EFEUYGAC,2357585,648,14481,3700,358498,297215,5234400,True,True,Turkish
Xnapycz,2357102,1464,4388,1572,94551,44450,4521040,True,True,Czech
SilentSentry,2353653,2096,5572,1085,301633,13533,1896110,True,False,English
球球 (lilballzlolz),2353093,1300,6328,1724,118276,9831,4212219,True,False,Chinese
DaigoTheBeasTV,2353057,958,27261,2225,173271,42313,4166521,True,False,Japanese
UncleBjorn,2350358,2246,4265,975,111003,26514,7886426,True,False,Russian
AnniTheDuck,2349595,887,7894,2533,460463,263210,7336341,True,True,German
StRoGo,2346873,489,45087,4621,272944,258332,5978117,True,False,Russian
재슥짱 (pikra10),2341881,2069,4659,1068,77376,42516,2973636,True,False,Korean
貝莉莓 (beryl_lulu),2341679,1366,15901,1739,156726,49522,9765341,True,False,Chinese
purple_hs,2340442,1863,5460,1149,88792,18850,1512076,True,False,English
Harmii,2338412,1935,7200,1159,333858,168452,3556031,True,False,German
Zerkaa,2337383,850,11192,2571,529504,373720,2530852,True,False,English
iklooode25,2336169,356,42463,7265,418710,354335,1443848,True,False,Arabic
聶寶 (nielnieh345),2336134,3100,5455,728,93991,18742,4755073,True,False,Chinese
akagreenn,2334743,860,21136,2902,117916,114861,3514645,True,True,Turkish
Spraggy,2331554,1359,30415,1674,99807,35453,3037728,True,False,English
TpaBoMaH,2328738,1540,6813,1531,151266,85717,7804776,True,False,Russian
Day9tv,2325938,1075,5597,2140,496790,13344,2495558,True,False,English
Sologesang,2321220,2056,5120,1072,58531,26062,4569358,True,False,German
karavay46,2320967,550,48331,4037,354734,301941,8457221,True,False,Russian
RaulZitoYT,2320824,2191,6545,839,78971,76729,2725303,True,False,Portuguese
JonBams,2317790,1480,5577,1522,309837,75728,1940922,True,True,English
Japan_ASMR,2315594,8494,496,271,67707,32649,1272641,True,False,Japanese
OuterHeaven,2299932,1576,6955,1101,137954,7924,1037346,True,True,English
Yamikazexz,2292139,1241,12411,1643,201657,161100,5719244,True,False,English
aircool,2288418,2134,12620,964,153703,120570,1628826,True,False,English
Lapi,2287635,2859,8684,789,130323,16992,6792456,True,False,French
robn_live,2287497,2225,73664,656,66223,63975,1502917,True,False,English
과로사1 (aram4519),2282405,1359,14167,1592,301329,179604,5711063,True,False,Korean
Ezekiel_III,2276623,1831,18804,1190,190452,8969,4018240,True,True,English
RebeuDeter,2264050,308,24675,7141,215360,194128,2560454,True,False,French
nookyyy,2259848,2487,7393,683,206681,78987,2481667,True,False,German
BrookeAB,2259011,811,24357,2777,737161,247335,6936235,True,False,English
innocents,2254173,1396,13654,1557,534759,279080,3488587,True,True,English
RealKraftyy,2253019,1809,19953,1235,710277,21198,4102026,True,False,English
rhobalas_lol,2252818,2903,5224,779,100599,69851,3011205,True,False,French
veloxey,2250960,1477,8596,1273,252913,180142,1874494,True,False,Italian
ArQuel,2248538,1940,9110,1122,285920,45153,4895500,True,False,Polish
ElOjoNinja,2246020,1367,9339,1484,273504,133594,5226901,True,False,Spanish
Bamboe,2240520,1982,5956,1075,86644,25348,2322578,True,False,English
Sonecarox,2232938,3994,2445,569,87530,21318,3105118,True,True,Portuguese
MuTeX,2230275,2500,9448,824,200619,114872,1615269,True,True,English
RayNarvaezJr,2227492,1376,6611,1589,528396,29068,2180691,True,True,English
Tanovich,2217985,1497,10352,1434,296560,219383,3677360,True,True,Spanish
Zalae,2217977,1583,5934,1351,170668,23494,1776974,True,False,English
KheZu,2216272,2077,5322,991,122158,28840,2671995,True,False,English
mandiocaa1,2208896,494,9540,4355,312944,29691,2567198,True,True,Portuguese
스피드소닉 (dragon3652),2208129,4056,2379,529,35503,11620,4618003,True,False,Korean
RiotGamesOCE,2206452,681,50458,3076,149775,65748,8437414,True,False,English
Videoyun,2205337,2055,8057,1030,375697,85165,8078109,True,False,Turkish
AlcastHQ,2201379,481,12999,4680,81928,24582,41833833,True,False,English
julien,2200911,1348,15150,1685,511861,177756,4880209,True,False,English
iGeStarK,2199295,1324,12893,1282,244437,231731,2948954,True,False,Spanish
Ziqoftw,2197028,1575,10569,1293,198304,33547,4933908,True,False,English
CyrusTWO,2193696,2134,2727,1027,96691,25277,5787660,True,True,Swedish
칸데르니아 (jmjdoc),2190137,2847,2395,756,30877,9502,4337476,True,False,Korean
CouRageJD,2189021,233,72100,8717,2115596,120434,2874860,False,False,English
YoMax,2184548,973,16952,2051,273980,129000,1715466,True,False,French
JeffHoogland,2182894,1894,3375,1070,68914,7290,1965274,True,False,English
Call of Duty (callofduty),2182316,60,170131,19897,968465,50321,5423366,True,True,English
GoBGG,2173305,1545,4198,1400,229586,37272,5971819,True,False,French
Wackyjacky101,2173176,2172,5981,1012,209700,72794,9213152,True,False,English
TaKeTV,2170336,1809,31809,829,227062,13033,2855045,True,False,German
iceiceice,2169659,625,8409,3107,183960,57797,2582911,True,False,English
StarCraft,2169324,247,56109,6636,342409,22130,4110003,True,False,English
MadDecentLive,2166565,708,36968,3069,95371,95352,44291541,False,False,English
WillerZ,2165938,2229,24663,872,79392,68899,2344895,True,True,English
SoyPan,2165064,2214,13884,954,343191,162018,2167760,True,False,Spanish
murilo_RT,2164968,6399,8185,315,70814,55939,3070308,True,True,Portuguese
Multiplayerit,2159460,1863,15237,1053,58786,17650,30889814,True,False,Italian
Markstrom,2152160,1777,71423,915,93045,35277,1829062,True,False,English
Krayn_Live,2151723,2284,4183,918,125775,20572,4621526,True,True,French
西門夜說 (westdoor),2148801,1817,5363,1165,272662,16908,5018006,True,True,Chinese
Sintica,2148476,1580,8467,1207,160387,110955,7008648,True,False,German
FantaBobShow,2147431,1092,8248,1936,348598,86339,3598696,True,True,French
ops1x,2146390,1137,23490,1457,268942,254190,3050489,True,False,English
wingz,2145781,1545,3940,1347,85695,32924,3057045,True,False,Spanish
ZLOYn,2143107,820,14155,2603,294277,284221,6731111,True,False,Russian
HunterGodBr,2139494,1492,51612,1737,258876,254260,14078099,True,False,Portuguese
leplol1,2138575,2089,9307,1444,157981,116243,3163399,False,False,Portuguese
sacy,2136190,1610,10692,1304,206184,117190,3590048,True,False,Portuguese
헤징 (hejin0_0),2128507,2097,3032,1017,123451,72192,5800110,True,False,Korean
Naru,2127500,663,13744,3045,344859,123779,5321664,True,False,Turkish
Warcraft,2127443,166,51972,13741,593564,31688,6635421,True,False,English
FlexZ,2125844,1912,14278,897,155382,133959,3254805,True,False,Spanish
DizzyKitten,2123316,1335,10080,1584,613135,54653,8960383,True,False,English
지수소녀 (wltn4765),2121520,2234,9379,980,99600,68129,6213041,True,False,Korean
Staryuuki,2120327,1284,5530,1467,586475,530306,5418113,True,False,Spanish
CeMka,2118628,1842,18473,979,86502,22116,4241970,True,False,Russian
Halifax,2114764,2675,12478,793,228316,52433,2955093,True,False,English
Bidule,2113477,1023,10100,2052,82570,64920,2486535,False,True,French
Gabi,2112988,1058,17866,2174,271202,178648,3821231,True,False,Portuguese
Hype,2111741,1358,10030,1674,145476,101271,6185689,True,True,Turkish
Gigz,2107278,1644,15061,1136,254401,44075,1958787,True,False,English
매직박 (yagubu),2104013,1102,25478,1666,59697,53490,3379601,True,False,Korean
richwcampbell,2102211,1164,34756,1878,108410,57422,3790423,True,False,English
ESL_CSGO_FR,2100438,888,22857,2570,193614,26073,4124889,True,False,French
양아지 (dkwl025),2097872,1722,6861,1237,220819,114560,4933531,True,False,Korean
Cizzorz,2096872,949,11782,1891,1866339,222573,3095942,True,False,English
RyuQuezacotl,2094680,2097,4022,976,79063,9884,1867494,True,True,English
Sigma,2091290,1578,81683,798,61206,54151,1334161,True,True,English
Robbaz,2087497,1440,4938,1427,229652,23827,5009610,True,False,English
mailand,2082273,1447,6867,1400,86561,31605,3923343,True,True,German
Buozzi,2082109,2379,4036,872,75290,39547,5126434,True,True,Portuguese
HeyarTV,2081302,2595,2343,786,124479,17695,2506556,True,True,French
LenaGol0vach,2081277,503,9115,4159,274237,40915,2969471,False,False,Russian
Sinner666,2080204,412,27996,4530,7102,7101,21322548,False,False,Russian
TommyKayLIVE,2078013,1801,3536,1124,127770,58673,2561302,True,True,English
TMemoryy,2077013,2174,3244,924,171107,64750,1027960,True,False,English
Patriota,2076597,1071,29435,1951,646758,344213,3707623,True,False,Portuguese
러너교 (runner0608),2075426,879,17926,2434,164902,58988,4276695,False,False,Korean
zorlaKOKA,2070683,1667,4977,1247,361102,83418,7654224,True,False,Portuguese
Hitch,2070409,2214,3976,875,96343,30813,1942552,True,True,English
calango,2069668,1169,8380,1736,767187,293608,3292645,True,False,Portuguese
Adin2Huncho,2068892,1082,14502,1470,199880,162642,956614,True,False,English
SlotRoom247,2067970,6230,20609,326,69183,69113,1338301,False,True,German
ALLinPav,2067649,2296,6221,850,71579,21360,3156265,True,True,English
Surefour,2067609,885,7911,2289,331662,46991,2066041,True,True,English
NumotTheNummy,2064987,1765,3359,1118,103069,8045,1530401,True,False,English
aminematue,2063770,508,16577,4016,124232,123363,2316908,True,False,French
CallMeCarsonLIVE,2058104,239,61531,8208,1151712,732108,3533199,True,True,English
ZiggyDLive,2056634,1651,18437,1227,173807,15899,4249580,True,False,English
KEEMSTAR,2056098,57,74195,35333,146035,46367,7139253,False,False,English
크캣66 (crazzyccat),2054657,3213,2543,644,35930,24849,1889696,True,False,Korean
RelaxBeats,2054565,8690,2830,235,166162,29595,1094850,True,False,English
LAGTVMaximusBlack,2052089,2692,7138,725,256353,13251,2310313,True,True,English
Destructoid,2043810,1717,14566,1190,48007,8995,87603521,True,False,English
LITkillah,2042077,226,21359,9104,601927,562691,2162107,True,False,Spanish
빅헤드 (bighead033),2042061,2550,3940,793,213212,52289,4399897,True,False,Korean
마스카 (newmasca),2040872,3623,6431,567,109068,-4942,3417970,True,False,Korean
AndyMilonakis,2038517,1745,10543,1153,547446,109111,3926918,True,False,English
Remx,2036547,1653,13788,1205,178553,59432,2049420,True,False,French
